lc1,#cells,#edges,#cell_elems,abs FF norm,rel FF norm
55524,83476,0.4156896151306394,0.07905543259145052
